{"paths": {"admin/js/vendor/jquery/LICENSE-JQUERY.txt": "admin/js/vendor/jquery/LICENSE-JQUERY.a158210a2737.txt", "admin/js/vendor/jquery/jquery.min.js": "admin/js/vendor/jquery/jquery.min.33cabfa15c10.js", "admin/js/vendor/jquery/jquery.js": "admin/js/vendor/jquery/jquery.aacc43d6f308.js", "admin/js/vendor/xregexp/xregexp.min.js": "admin/js/vendor/xregexp/xregexp.min.c95393b8ca4d.js", "admin/js/vendor/xregexp/xregexp.js": "admin/js/vendor/xregexp/xregexp.1865b1cf5085.js", "admin/js/vendor/xregexp/LICENSE-XREGEXP.txt": "admin/js/vendor/xregexp/LICENSE-XREGEXP.d64cecf4f157.txt", "admin/js/admin/RelatedObjectLookups.js": "admin/js/admin/RelatedObjectLookups.d2bdb1018963.js", "admin/js/admin/DateTimeShortcuts.js": "admin/js/admin/DateTimeShortcuts.1536fb6bea1d.js", "admin/img/gis/move_vertex_on.svg": "admin/img/gis/move_vertex_on.0047eba25b67.svg", "admin/img/gis/move_vertex_off.svg": "admin/img/gis/move_vertex_off.7a23bf31ef8a.svg", "admin/css/widgets.css": "admin/css/widgets.5e372b41c483.css", "admin/css/login.css": "admin/css/login.a846c0e2ef65.css", "admin/css/dashboard.css": "admin/css/dashboard.7ac78187c567.css", "admin/css/forms.css": "admin/css/forms.2003a066ae02.css", "admin/css/fonts.css": "admin/css/fonts.494e4ec545c9.css", "admin/css/rtl.css": "admin/css/rtl.4c867197b256.css", "admin/css/base.css": "admin/css/base.6b517d0d5813.css", "admin/css/changelists.css": "admin/css/changelists.f6dc691f8d62.css", "admin/js/urlify.js": "admin/js/urlify.411bc3bb651c.js", "admin/js/inlines.min.js": "admin/js/inlines.min.d75b9ed03975.js", "admin/js/core.js": "admin/js/core.fd861d43f0f5.js", "admin/js/collapse.js": "admin/js/collapse.17d715df2104.js", "admin/js/actions.js": "admin/js/actions.32861b6cbdf9.js", "admin/js/prepopulate.js": "admin/js/prepopulate.ff9208865444.js", "admin/js/cancel.js": "admin/js/cancel.1d69cba4b4bf.js", "admin/js/inlines.js": "admin/js/inlines.eda404ee376d.js", "admin/js/change_form.js": "admin/js/change_form.9e85003a1a38.js", "admin/js/SelectFilter2.js": "admin/js/SelectFilter2.17009b6d4428.js", "admin/js/jquery.init.js": "admin/js/jquery.init.95b62fa19378.js", "admin/js/popup_response.js": "admin/js/popup_response.6ce3197f8fc8.js", "admin/js/SelectBox.js": "admin/js/SelectBox.b49f008d186b.js", "admin/js/actions.min.js": "admin/js/actions.min.f51f04edab28.js", "admin/js/calendar.js": "admin/js/calendar.9ac94d055fbd.js", "admin/js/timeparse.js": "admin/js/timeparse.51258861a46a.js", "admin/js/prepopulate.min.js": "admin/js/prepopulate.min.f4057ebb9b62.js", "admin/js/collapse.min.js": "admin/js/collapse.min.dc930adb2821.js", "admin/js/prepopulate_init.js": "admin/js/prepopulate_init.0d3b53c37074.js", "admin/img/search.svg": "admin/img/search.7cf54ff789c6.svg", "admin/img/icon-calendar.svg": "admin/img/icon-calendar.ac7aea671bea.svg", "admin/img/icon-clock.svg": "admin/img/icon-clock.e1d4dfac3f2b.svg", "admin/img/icon-no.svg": "admin/img/icon-no.439e821418cd.svg", "admin/img/tooltag-add.svg": "admin/img/tooltag-add.e59d620a9742.svg", "admin/img/inline-delete.svg": "admin/img/inline-delete.fec1b761f254.svg", "admin/img/LICENSE": "admin/img/LICENSE.2c54f4e1ca1c", "admin/img/icon-changelink.svg": "admin/img/icon-changelink.18d2fd706348.svg", "admin/img/icon-unknown.svg": "admin/img/icon-unknown.a18cb4398978.svg", "admin/img/sorting-icons.svg": "admin/img/sorting-icons.3a097b59f104.svg", "admin/img/icon-yes.svg": "admin/img/icon-yes.d2f9f035226a.svg", "admin/img/icon-addlink.svg": "admin/img/icon-addlink.d519b3bab011.svg", "admin/img/icon-unknown-alt.svg": "admin/img/icon-unknown-alt.81536e128bb6.svg", "admin/img/icon-deletelink.svg": "admin/img/icon-deletelink.564ef9dc3854.svg", "admin/img/README.txt": "admin/img/README.837277fa1908.txt", "admin/img/selector-icons.svg": "admin/img/selector-icons.b4555096cea2.svg", "admin/img/calendar-icons.svg": "admin/img/calendar-icons.39b290681a8b.svg", "admin/img/tooltag-arrowright.svg": "admin/img/tooltag-arrowright.bbfb788a849e.svg", "admin/img/icon-alert.svg": "admin/img/icon-alert.034cc7d8a67f.svg", "admin/fonts/Roboto-Light-webfont.woff": "admin/fonts/Roboto-Light-webfont.b446c2399bb6.woff", "admin/fonts/Roboto-Bold-webfont.woff": "admin/fonts/Roboto-Bold-webfont.2ad99072841e.woff", "admin/fonts/Roboto-Regular-webfont.woff": "admin/fonts/Roboto-Regular-webfont.ec39515ae8c6.woff", "admin/fonts/README.txt": "admin/fonts/README.2c3d0bcdede2.txt", "admin/fonts/LICENSE.txt": "admin/fonts/LICENSE.d273d63619c9.txt", "css/bootstrap.min.css": "css/bootstrap.min.df2756479369.css", "css/bootstrap.css": "css/bootstrap.5c0d3bc5fb05.css", "css/bootstrap.css.map": "css/bootstrap.css.ddc6985355db.map", "css/bootstrap-theme.css.map": "css/bootstrap-theme.css.8bd725d282ff.map", "css/tutorial_2.css": "css/tutorial_2.366cb34e0003.css", "css/bootstrap-theme.css": "css/bootstrap-theme.bf3b6afea908.css", "css/bootstrap-theme.min.css": "css/bootstrap-theme.min.ddbca5c2c952.css", "js/bootstrap.js": "js/bootstrap.c1eff7b72ea8.js", "js/bootstrap.min.js": "js/bootstrap.min.ba847811448e.js", "fonts/glyphicons-halflings-regular.woff": "fonts/glyphicons-halflings-regular.68ed1dac06bf.woff", "fonts/glyphicons-halflings-regular.eot": "fonts/glyphicons-halflings-regular.7ad17c6085de.eot", "fonts/glyphicons-halflings-regular.ttf": "fonts/glyphicons-halflings-regular.e49d52e74b76.ttf", "fonts/glyphicons-halflings-regular.svg": "fonts/glyphicons-halflings-regular.32941d633004.svg"}, "version": "1.0"}